{"cameraMode":{"drawMode":0,"name":"Shaded","section":"Shading Mode"},"sceneLighting":false,"audioPlay":false,"sceneViewState":{"showFog":false,"showMaterialUpdate":false,"showSkybox":false,"showFlares":false,"showImageEffects":false,"showParticleSystems":false},"in2DMode":false,"pivot":{"x":-1.1920928955078126e-7,"y":0.6407779455184937,"z":0.19507014751434327},"rotation":{"x":0.01950366236269474,"y":0.8674967885017395,"z":-0.03411868214607239,"w":0.49589163064956667},"size":3.378472089767456,"orthographic":false}