{"cameraMode":{"drawMode":0,"name":"Shaded","section":"Shading Mode"},"sceneLighting":false,"audioPlay":false,"sceneViewState":{"showFog":false,"showMaterialUpdate":false,"showSkybox":false,"showFlares":false,"showImageEffects":false,"showParticleSystems":false},"in2DMode":false,"pivot":{"x":-1.1920928955078126e-7,"y":0.6418826580047607,"z":0.017438173294067384},"rotation":{"x":0.09420812875032425,"y":0.8295603394508362,"z":-0.1473664790391922,"w":0.5303202271461487},"size":3.91772723197937,"orthographic":false}