{"cameraMode":{"drawMode":0,"name":"Shaded","section":"Shading Mode"},"sceneLighting":false,"audioPlay":false,"sceneViewState":{"showFog":false,"showMaterialUpdate":false,"showSkybox":false,"showFlares":false,"showImageEffects":false,"showParticleSystems":false},"in2DMode":false,"pivot":{"x":2.030768871307373,"y":0.06227755546569824,"z":-0.3909487724304199},"rotation":{"x":0.06436502188444138,"y":0.7986997365951538,"z":-0.08684656023979187,"w":0.5919417142868042},"size":3.8415064811706545,"orthographic":false}