{"cameraMode":{"drawMode":0,"name":"Shaded","section":"Shading Mode"},"sceneLighting":false,"audioPlay":false,"sceneViewState":{"showFog":true,"showMaterialUpdate":true,"showSkybox":false,"showFlares":true,"showImageEffects":true,"showParticleSystems":true},"in2DMode":false,"pivot":{"x":1.6976172924041749,"y":1.966030478477478,"z":-0.0254717618227005},"rotation":{"x":-0.34204211831092837,"y":0.5062553286552429,"z":-0.228504940867424,"w":-0.7580245733261108},"size":1.4289418458938599,"orthographic":false}