{"cameraMode":{"drawMode":0,"name":"Shaded","section":"Shading Mode"},"sceneLighting":true,"audioPlay":false,"sceneViewState":{"showFog":false,"showMaterialUpdate":false,"showSkybox":false,"showFlares":false,"showImageEffects":false,"showParticleSystems":false},"in2DMode":false,"pivot":{"x":18.30707550048828,"y":0.6159451603889465,"z":-0.505833625793457},"rotation":{"x":-0.2438735067844391,"y":0.06477142870426178,"z":-0.0163600854575634,"w":-0.9675580263137817},"size":2.0456833839416506,"orthographic":false}